site_id,beach_name,region,full_site_name,latitude,longitude,n_samples,n_unsafe,unsafe_pct,first_year,last_year
858,Magic Island – Bowls (Ala Moana),South,South Oʻahu: Magic Island Bowls,21.282953,-157.845657,165,29,17.6,2019,2026
859,Magic Island – Canoe Launch (Ala Moana),South,South Oʻahu: Magic Island Canoe Launch,21.28777,-157.844116,168,68,40.5,2019,2026
776,Kaʻalāwai / Cromwell's,South,South Oʻahu: Kaʻalāwai (Black Point/Cromwells),21.2574,-157.7968,162,16,9.9,2018,2026
861,Waialae Beach Park,South,South Oʻahu: Waialae Beach Park,21.26885,-157.77655,146,39,26.7,2019,2025
777,Kahaluʻu Beach,East,East Oʻahu: Kahaluʻu Beach,21.46011,-157.839571,184,160,87.0,2018,2026
8894,Kailua Beach Park,East,East Oʻahu: Kailua Beach Park,21.397806,-157.726,112,9,8.0,2022,2026
780,Pūpūkea tidepools / Shark's Cove,North,North Oʻahu: Pūpūkea tidepools,21.649846,-158.062988,163,18,11.0,2018,2026
1197,Kaiaka Bay,North,North Oʻahu: Kaiaka Bay,21.5902778,-158.1191667,92,38,41.3,2021,2026
8916,Pōkaʻi Bay (Inside),West,West Oʻahu: Pōkaʻi Bay- Inside,21.4415602,-158.1907114,77,5,6.5,2022,2026
