phenomena,significance,event,issue_utc,expire_utc,wfo,eventid
FA,Y,FA.Y,2018-01-27T23:30:00Z,2018-01-28T02:30:00Z,HFO,5
FA,Y,FA.Y,2018-01-28T01:09:00Z,2018-01-28T02:40:00Z,HFO,6
FA,Y,FA.Y,2018-01-31T18:39:00Z,2018-01-31T21:12:00Z,HFO,8
FA,Y,FA.Y,2018-02-02T11:17:00Z,2018-02-02T13:27:00Z,HFO,10
FA,Y,FA.Y,2018-02-03T05:59:00Z,2018-02-03T07:13:00Z,HFO,12
FA,Y,FA.Y,2018-02-05T05:26:00Z,2018-02-05T08:15:00Z,HFO,15
FA,Y,FA.Y,2018-02-05T16:55:00Z,2018-02-05T19:45:00Z,HFO,19
FA,Y,FA.Y,2018-02-05T23:30:00Z,2018-02-06T02:09:00Z,HFO,20
FA,Y,FA.Y,2018-02-06T08:39:00Z,2018-02-06T11:30:00Z,HFO,29
FA,Y,FA.Y,2018-02-06T11:28:00Z,2018-02-06T14:00:00Z,HFO,30
FA,Y,FA.Y,2018-02-07T02:29:00Z,2018-02-07T04:46:00Z,HFO,34
FA,Y,FA.Y,2018-02-07T23:24:00Z,2018-02-08T02:30:00Z,HFO,35
FA,Y,FA.Y,2018-02-13T16:13:00Z,2018-02-13T17:53:00Z,HFO,39
FA,Y,FA.Y,2018-02-14T09:47:00Z,2018-02-14T12:45:00Z,HFO,40
FA,Y,FA.Y,2018-02-14T12:22:00Z,2018-02-14T18:15:00Z,HFO,41
FA,Y,FA.Y,2018-02-14T18:13:00Z,2018-02-14T21:15:00Z,HFO,42
FA,Y,FA.Y,2018-02-14T21:10:00Z,2018-02-15T00:00:00Z,HFO,43
FA,Y,FA.Y,2018-02-18T06:52:00Z,2018-02-18T09:45:00Z,HFO,58
FF,W,FF.W,2018-02-18T07:25:00Z,2018-02-18T10:15:00Z,HFO,4
FF,W,FF.W,2018-02-18T10:05:00Z,2018-02-18T13:00:00Z,HFO,5
FF,W,FF.W,2018-02-18T12:58:00Z,2018-02-18T15:00:00Z,HFO,6
FA,Y,FA.Y,2018-02-18T22:03:00Z,2018-02-19T01:00:00Z,HFO,61
FF,W,FF.W,2018-02-18T22:40:00Z,2018-02-19T01:30:00Z,HFO,8
FF,W,FF.W,2018-02-19T00:42:00Z,2018-02-19T06:04:00Z,HFO,9
FA,Y,FA.Y,2018-02-26T02:14:00Z,2018-02-26T05:15:00Z,HFO,78
FF,W,FF.W,2018-02-26T03:25:00Z,2018-02-26T06:30:00Z,HFO,14
FF,W,FF.W,2018-02-26T04:16:00Z,2018-02-26T07:15:00Z,HFO,15
FF,W,FF.W,2018-02-26T07:14:00Z,2018-02-26T10:15:00Z,HFO,16
FA,Y,FA.Y,2018-02-26T10:11:00Z,2018-02-26T13:00:00Z,HFO,79
FA,Y,FA.Y,2018-03-23T02:45:00Z,2018-03-23T05:45:00Z,HFO,89
FA,Y,FA.Y,2018-03-24T04:12:00Z,2018-03-24T10:15:00Z,HFO,90
FA,Y,FA.Y,2018-03-24T07:45:00Z,2018-03-24T10:45:00Z,HFO,93
FF,W,FF.W,2018-03-24T07:58:00Z,2018-03-24T10:45:00Z,HFO,23
FF,W,FF.W,2018-03-24T10:40:00Z,2018-03-24T13:30:00Z,HFO,24
FA,Y,FA.Y,2018-03-24T10:44:00Z,2018-03-24T13:45:00Z,HFO,94
FA,Y,FA.Y,2018-03-24T13:28:00Z,2018-03-24T16:30:00Z,HFO,95
FA,Y,FA.Y,2018-03-31T21:06:00Z,2018-04-01T00:00:00Z,HFO,105
FF,W,FF.W,2018-03-31T22:30:00Z,2018-03-31T23:35:00Z,HFO,25
FA,Y,FA.Y,2018-04-14T04:31:00Z,2018-04-14T07:30:00Z,HFO,125
FF,W,FF.W,2018-04-14T05:37:00Z,2018-04-14T08:30:00Z,HFO,28
FF,W,FF.W,2018-04-14T06:45:00Z,2018-04-14T09:45:00Z,HFO,29
FA,Y,FA.Y,2018-04-15T08:37:00Z,2018-04-15T11:18:00Z,HFO,130
FA,Y,FA.Y,2018-04-15T14:24:00Z,2018-04-15T15:19:00Z,HFO,132
FA,Y,FA.Y,2018-04-27T00:19:00Z,2018-04-27T03:15:00Z,HFO,134
FA,Y,FA.Y,2018-04-27T02:58:00Z,2018-04-27T10:19:00Z,HFO,135
FA,Y,FA.Y,2018-06-09T11:13:00Z,2018-06-09T15:25:00Z,HFO,140
FA,Y,FA.Y,2018-08-19T13:31:00Z,2018-08-19T16:05:00Z,HFO,162
FA,Y,FA.Y,2018-08-26T15:07:00Z,2018-08-26T17:50:00Z,HFO,174
FA,Y,FA.Y,2018-08-28T07:26:00Z,2018-08-28T10:15:00Z,HFO,180
FA,Y,FA.Y,2018-08-28T10:03:00Z,2018-08-28T13:00:00Z,HFO,182
FA,Y,FA.Y,2018-08-28T13:03:00Z,2018-08-28T16:00:00Z,HFO,183
FF,W,FF.W,2018-08-28T14:18:00Z,2018-08-28T17:15:00Z,HFO,52
FA,Y,FA.Y,2018-08-28T15:37:00Z,2018-08-28T18:30:00Z,HFO,184
FA,Y,FA.Y,2018-08-28T17:11:00Z,2018-08-28T19:50:00Z,HFO,185
FA,Y,FA.Y,2018-09-04T01:41:00Z,2018-09-04T03:31:00Z,HFO,187
FA,Y,FA.Y,2018-09-12T22:15:00Z,2018-09-13T01:15:00Z,HFO,190
FA,Y,FA.Y,2018-09-13T01:14:00Z,2018-09-13T04:15:00Z,HFO,192
FA,Y,FA.Y,2018-09-13T05:49:00Z,2018-09-13T08:45:00Z,HFO,195
FF,W,FF.W,2018-09-13T07:45:00Z,2018-09-13T10:30:00Z,HFO,56
FF,W,FF.W,2018-09-13T10:14:00Z,2018-09-13T12:50:00Z,HFO,57
FA,Y,FA.Y,2018-09-13T12:53:00Z,2018-09-13T15:33:00Z,HFO,200
FA,Y,FA.Y,2018-09-13T17:32:00Z,2018-09-13T20:30:00Z,HFO,202
FF,W,FF.W,2018-09-13T19:10:00Z,2018-09-13T21:24:00Z,HFO,59
FA,Y,FA.Y,2018-09-27T03:09:00Z,2018-09-27T06:00:00Z,HFO,210
FA,Y,FA.Y,2018-09-27T08:46:00Z,2018-09-27T11:34:00Z,HFO,211
FA,Y,FA.Y,2018-09-27T21:39:00Z,2018-09-28T01:47:00Z,HFO,214
FA,Y,FA.Y,2018-09-28T19:17:00Z,2018-09-28T20:59:00Z,HFO,219
FA,Y,FA.Y,2018-10-07T01:10:00Z,2018-10-07T02:14:00Z,HFO,222
FA,Y,FA.Y,2018-10-08T01:14:00Z,2018-10-08T03:17:00Z,HFO,227
FF,W,FF.W,2018-10-13T02:06:00Z,2018-10-13T03:27:00Z,HFO,62
FA,Y,FA.Y,2018-10-13T03:46:00Z,2018-10-13T06:45:00Z,HFO,241
FA,Y,FA.Y,2018-10-13T05:33:00Z,2018-10-13T07:41:00Z,HFO,242
FA,Y,FA.Y,2018-10-20T00:30:00Z,2018-10-20T03:30:00Z,HFO,247
FA,Y,FA.Y,2018-10-20T02:52:00Z,2018-10-20T08:45:00Z,HFO,250
FF,W,FF.W,2018-10-20T06:40:00Z,2018-10-20T09:01:00Z,HFO,63
FA,Y,FA.Y,2018-10-30T13:35:00Z,2018-10-30T16:30:00Z,HFO,259
FF,W,FF.W,2018-10-30T14:54:00Z,2018-10-30T17:45:00Z,HFO,65
FF,W,FF.W,2018-10-30T17:22:00Z,2018-10-30T23:04:00Z,HFO,66
FA,Y,FA.Y,2018-10-30T23:01:00Z,2018-10-31T01:39:00Z,HFO,260
FA,Y,FA.Y,2018-11-04T15:03:00Z,2018-11-04T17:30:00Z,HFO,270
FA,Y,FA.Y,2018-11-09T02:37:00Z,2018-11-09T05:03:00Z,HFO,272
FF,W,FF.W,2018-11-09T03:56:00Z,2018-11-09T04:57:00Z,HFO,69
FA,Y,FA.Y,2018-11-09T07:56:00Z,2018-11-09T11:00:00Z,HFO,274
FF,W,FF.W,2018-11-09T08:33:00Z,2018-11-09T10:30:00Z,HFO,70
FA,Y,FA.Y,2018-11-09T17:27:00Z,2018-11-09T20:15:00Z,HFO,275
FF,W,FF.W,2018-11-09T17:44:00Z,2018-11-09T20:02:00Z,HFO,71
FF,W,FF.W,2018-11-10T04:22:00Z,2018-11-10T06:52:00Z,HFO,72
FA,Y,FA.Y,2018-11-10T08:23:00Z,2018-11-10T11:15:00Z,HFO,277
FF,W,FF.W,2018-11-10T09:23:00Z,2018-11-10T12:00:00Z,HFO,73
FA,Y,FA.Y,2018-11-10T17:01:00Z,2018-11-10T18:38:00Z,HFO,280
FA,Y,FA.Y,2018-12-28T09:32:00Z,2018-12-28T11:21:00Z,HFO,289
FA,Y,FA.Y,2018-12-28T19:19:00Z,2018-12-28T22:15:00Z,HFO,292
FF,W,FF.W,2018-12-28T20:25:00Z,2018-12-28T23:30:00Z,HFO,75
FF,W,FF.W,2018-12-28T21:58:00Z,2018-12-29T01:00:00Z,HFO,76
FA,Y,FA.Y,2019-02-07T05:57:00Z,2019-02-07T08:07:00Z,HFO,4
FA,Y,FA.Y,2019-02-13T13:23:00Z,2019-02-13T16:15:00Z,HFO,5
FA,Y,FA.Y,2019-02-13T15:21:00Z,2019-02-13T17:15:00Z,HFO,6
FA,Y,FA.Y,2019-02-14T10:58:00Z,2019-02-14T14:00:00Z,HFO,12
FF,W,FF.W,2019-02-14T12:52:00Z,2019-02-14T15:45:00Z,HFO,1
FF,W,FF.W,2019-02-14T15:18:00Z,2019-02-14T19:14:00Z,HFO,2
FA,Y,FA.Y,2019-02-14T22:09:00Z,2019-02-15T01:00:00Z,HFO,18
FA,Y,FA.Y,2019-04-17T18:03:00Z,2019-04-17T20:13:00Z,HFO,38
FA,Y,FA.Y,2019-04-27T03:32:00Z,2019-04-27T06:30:00Z,HFO,39
FA,Y,FA.Y,2019-04-27T08:25:00Z,2019-04-27T11:30:00Z,HFO,40
FA,Y,FA.Y,2019-04-29T00:22:00Z,2019-04-29T03:15:00Z,HFO,45
FA,Y,FA.Y,2019-04-29T02:39:00Z,2019-04-29T04:08:00Z,HFO,46
FA,Y,FA.Y,2019-04-29T21:24:00Z,2019-04-30T00:30:00Z,HFO,49
FA,Y,FA.Y,2019-04-29T22:08:00Z,2019-04-30T02:48:00Z,HFO,51
FF,W,FF.W,2019-04-29T23:37:00Z,2019-04-30T01:47:00Z,HFO,4
FA,Y,FA.Y,2019-05-04T18:27:00Z,2019-05-04T20:07:00Z,HFO,55
FA,Y,FA.Y,2019-06-25T13:16:00Z,2019-06-25T15:15:00Z,HFO,61
FA,Y,FA.Y,2019-06-25T16:22:00Z,2019-06-25T17:24:00Z,HFO,62
FA,Y,FA.Y,2019-06-26T03:56:00Z,2019-06-26T07:00:00Z,HFO,63
FF,W,FF.W,2019-06-26T04:40:00Z,2019-06-26T10:30:00Z,HFO,6
FA,Y,FA.Y,2019-06-26T11:20:00Z,2019-06-26T17:04:00Z,HFO,66
FA,Y,FA.Y,2019-08-08T00:54:00Z,2019-08-08T03:26:00Z,HFO,89
FA,Y,FA.Y,2019-09-15T00:19:00Z,2019-09-15T03:15:00Z,HFO,99
FA,Y,FA.Y,2019-09-15T03:00:00Z,2019-09-15T06:00:00Z,HFO,102
FF,W,FF.W,2019-09-15T04:44:00Z,2019-09-15T06:36:00Z,HFO,9
FA,Y,FA.Y,2019-09-15T07:34:00Z,2019-09-15T08:25:00Z,HFO,103
FA,Y,FA.Y,2019-09-16T04:41:00Z,2019-09-16T07:22:00Z,HFO,105
FA,Y,FA.Y,2019-09-16T08:51:00Z,2019-09-16T10:41:00Z,HFO,106
FA,Y,FA.Y,2019-09-25T13:44:00Z,2019-09-25T16:27:00Z,HFO,111
FA,Y,FA.Y,2019-09-26T22:31:00Z,2019-09-27T02:24:00Z,HFO,114
FA,Y,FA.Y,2019-10-11T01:27:00Z,2019-10-11T02:09:00Z,HFO,120
FA,Y,FA.Y,2019-10-11T11:34:00Z,2019-10-11T14:30:00Z,HFO,121
FF,W,FF.W,2019-10-11T11:58:00Z,2019-10-11T15:00:00Z,HFO,11
FF,W,FF.W,2019-10-11T14:42:00Z,2019-10-11T17:14:00Z,HFO,12
FA,Y,FA.Y,2019-10-20T22:36:00Z,2019-10-20T23:39:00Z,HFO,124
FA,Y,FA.Y,2019-10-31T23:49:00Z,2019-11-01T02:01:00Z,HFO,130
FA,Y,FA.Y,2019-11-12T01:27:00Z,2019-11-12T03:11:00Z,HFO,131
FA,Y,FA.Y,2019-11-17T21:40:00Z,2019-11-17T23:21:00Z,HFO,134
FA,Y,FA.Y,2019-11-18T03:11:00Z,2019-11-18T05:03:00Z,HFO,135
FA,Y,FA.Y,2019-11-19T09:18:00Z,2019-11-19T12:15:00Z,HFO,137
FF,W,FF.W,2019-11-19T09:40:00Z,2019-11-19T11:33:00Z,HFO,17
FA,Y,FA.Y,2019-11-19T17:00:00Z,2019-11-19T18:05:00Z,HFO,138
FA,Y,FA.Y,2019-11-20T00:11:00Z,2019-11-20T02:42:00Z,HFO,141
FA,Y,FA.Y,2019-11-20T05:21:00Z,2019-11-20T08:15:00Z,HFO,143
FF,W,FF.W,2019-11-20T05:45:00Z,2019-11-20T08:14:00Z,HFO,18
FA,Y,FA.Y,2019-12-25T22:07:00Z,2019-12-26T02:57:00Z,HFO,149
FA,Y,FA.Y,2020-01-11T09:02:00Z,2020-01-11T17:43:00Z,HFO,3
FA,Y,FA.Y,2020-01-12T04:30:00Z,2020-01-12T07:14:00Z,HFO,12
FA,Y,FA.Y,2020-02-06T06:05:00Z,2020-02-06T08:36:00Z,HFO,18
FA,Y,FA.Y,2020-02-06T17:20:00Z,2020-02-06T23:15:00Z,HFO,20
FA,Y,FA.Y,2020-02-06T21:03:00Z,2020-02-07T00:00:00Z,HFO,21
FA,Y,FA.Y,2020-02-10T15:56:00Z,2020-02-11T03:24:00Z,HFO,28
FA,Y,FA.Y,2020-03-03T04:23:00Z,2020-03-03T07:06:00Z,HFO,39
FA,Y,FA.Y,2020-03-03T11:29:00Z,2020-03-03T14:15:00Z,HFO,43
FA,Y,FA.Y,2020-03-05T00:32:00Z,2020-03-05T01:39:00Z,HFO,47
FA,Y,FA.Y,2020-03-15T22:08:00Z,2020-03-16T01:00:00Z,HFO,53
FF,W,FF.W,2020-03-15T23:17:00Z,2020-03-16T01:52:00Z,HFO,7
FA,Y,FA.Y,2020-03-16T20:40:00Z,2020-03-16T22:20:00Z,HFO,58
FA,Y,FA.Y,2020-03-17T00:54:00Z,2020-03-17T03:45:00Z,HFO,59
FA,Y,FA.Y,2020-03-17T18:59:00Z,2020-03-17T22:00:00Z,HFO,62
FF,W,FF.W,2020-03-17T20:08:00Z,2020-03-17T22:47:00Z,HFO,10
FA,Y,FA.Y,2020-03-19T01:12:00Z,2020-03-19T04:00:00Z,HFO,69
FF,W,FF.W,2020-03-19T01:58:00Z,2020-03-19T04:19:00Z,HFO,13
FA,Y,FA.Y,2020-03-28T04:50:00Z,2020-03-28T10:45:00Z,HFO,72
FF,W,FF.W,2020-03-28T09:49:00Z,2020-03-28T12:45:00Z,HFO,14
FF,W,FF.W,2020-03-28T12:23:00Z,2020-03-28T15:15:00Z,HFO,17
FF,W,FF.W,2020-03-28T13:44:00Z,2020-03-28T15:54:00Z,HFO,20
FA,Y,FA.Y,2020-03-28T19:13:00Z,2020-03-28T22:15:00Z,HFO,74
FA,Y,FA.Y,2020-03-29T02:13:00Z,2020-03-29T03:47:00Z,HFO,75
FA,Y,FA.Y,2020-03-29T20:09:00Z,2020-03-29T23:15:00Z,HFO,77
FF,W,FF.W,2020-03-29T20:20:00Z,2020-03-29T22:02:00Z,HFO,22
FA,Y,FA.Y,2020-04-01T00:32:00Z,2020-04-01T02:44:00Z,HFO,81
FA,Y,FA.Y,2020-04-01T23:38:00Z,2020-04-02T01:11:00Z,HFO,83
FA,Y,FA.Y,2020-04-06T04:03:00Z,2020-04-06T06:25:00Z,HFO,87
FA,Y,FA.Y,2020-04-13T20:29:00Z,2020-04-13T23:30:00Z,HFO,95
FF,W,FF.W,2020-04-13T20:48:00Z,2020-04-14T00:40:00Z,HFO,23
FA,Y,FA.Y,2020-04-14T13:10:00Z,2020-04-14T18:00:00Z,HFO,98
FA,Y,FA.Y,2020-05-13T23:58:00Z,2020-05-14T03:00:00Z,HFO,104
FA,Y,FA.Y,2020-05-14T22:57:00Z,2020-05-15T01:38:00Z,HFO,105
FA,Y,FA.Y,2020-10-03T00:12:00Z,2020-10-03T02:38:00Z,HFO,115
FA,Y,FA.Y,2020-10-03T03:33:00Z,2020-10-03T05:15:00Z,HFO,117
FA,Y,FA.Y,2020-10-15T03:26:00Z,2020-10-15T05:27:00Z,HFO,119
FA,Y,FA.Y,2020-10-21T04:59:00Z,2020-10-21T07:37:00Z,HFO,121
FA,Y,FA.Y,2020-10-21T22:48:00Z,2020-10-22T01:47:00Z,HFO,122
FA,Y,FA.Y,2020-10-22T04:18:00Z,2020-10-22T06:57:00Z,HFO,123
FA,Y,FA.Y,2020-10-22T21:02:00Z,2020-10-22T22:03:00Z,HFO,124
FA,Y,FA.Y,2020-10-23T14:19:00Z,2020-10-23T16:35:00Z,HFO,125
FA,Y,FA.Y,2020-10-23T22:13:00Z,2020-10-24T00:00:00Z,HFO,127
FA,Y,FA.Y,2020-10-24T03:08:00Z,2020-10-24T05:58:00Z,HFO,128
FA,Y,FA.Y,2020-10-24T13:53:00Z,2020-10-24T16:34:00Z,HFO,129
FA,Y,FA.Y,2020-10-26T00:16:00Z,2020-10-26T02:26:00Z,HFO,130
FA,Y,FA.Y,2020-10-27T01:40:00Z,2020-10-27T02:33:00Z,HFO,133
FA,Y,FA.Y,2020-10-27T02:47:00Z,2020-10-27T04:42:00Z,HFO,134
FA,Y,FA.Y,2020-10-28T06:12:00Z,2020-10-28T07:07:00Z,HFO,139
FA,Y,FA.Y,2020-10-28T23:13:00Z,2020-10-29T01:31:00Z,HFO,140
FA,Y,FA.Y,2020-11-15T21:15:00Z,2020-11-15T23:40:00Z,HFO,143
FA,Y,FA.Y,2020-11-24T10:02:00Z,2020-11-24T14:59:00Z,HFO,145
FA,Y,FA.Y,2020-11-25T02:59:00Z,2020-11-25T04:10:00Z,HFO,149
FA,Y,FA.Y,2021-01-18T20:17:00Z,2021-01-18T23:15:00Z,HFO,11
FA,Y,FA.Y,2021-01-19T15:38:00Z,2021-01-19T18:32:00Z,HFO,16
FA,Y,FA.Y,2021-01-25T23:48:00Z,2021-01-26T02:45:00Z,HFO,22
FF,W,FF.W,2021-01-26T01:45:00Z,2021-01-26T04:45:00Z,HFO,6
FA,Y,FA.Y,2021-01-26T04:40:00Z,2021-01-26T07:07:00Z,HFO,23
FA,Y,FA.Y,2021-02-03T15:47:00Z,2021-02-03T23:32:00Z,HFO,27
FA,Y,FA.Y,2021-02-19T06:40:00Z,2021-02-19T08:17:00Z,HFO,36
FA,Y,FA.Y,2021-02-19T21:40:00Z,2021-02-19T23:06:00Z,HFO,38
FA,Y,FA.Y,2021-02-27T20:08:00Z,2021-02-27T23:15:00Z,HFO,43
FA,Y,FA.Y,2021-03-09T15:02:00Z,2021-03-09T18:00:00Z,HFO,54
FA,Y,FA.Y,2021-03-09T18:05:00Z,2021-03-09T18:33:00Z,HFO,55
FF,W,FF.W,2021-03-09T18:33:00Z,2021-03-09T20:30:00Z,HFO,14
FF,W,FF.W,2021-03-09T20:31:00Z,2021-03-10T02:45:00Z,HFO,15
FF,W,FF.W,2021-03-10T01:21:00Z,2021-03-10T10:00:00Z,HFO,16
FA,Y,FA.Y,2021-03-10T23:09:00Z,2021-03-10T23:45:00Z,HFO,62
FF,W,FF.W,2021-03-10T23:45:00Z,2021-03-11T02:15:00Z,HFO,20
FF,W,FF.W,2021-03-11T00:36:00Z,2021-03-11T02:13:00Z,HFO,21
FA,Y,FA.Y,2021-03-11T02:13:00Z,2021-03-11T04:24:00Z,HFO,64
FA,Y,FA.Y,2021-03-11T02:58:00Z,2021-03-11T05:45:00Z,HFO,66
FF,W,FF.W,2021-03-11T04:22:00Z,2021-03-11T08:52:00Z,HFO,22
FA,Y,FA.Y,2021-03-11T07:27:00Z,2021-03-11T08:53:00Z,HFO,67
FA,Y,FA.Y,2021-03-11T12:23:00Z,2021-03-11T19:26:00Z,HFO,68
FA,Y,FA.Y,2021-03-11T23:39:00Z,2021-03-12T00:22:00Z,HFO,70
FF,W,FF.W,2021-03-12T00:22:00Z,2021-03-12T02:45:00Z,HFO,24
FF,W,FF.W,2021-03-12T02:15:00Z,2021-03-12T04:57:00Z,HFO,25
FA,Y,FA.Y,2021-03-12T05:35:00Z,2021-03-12T06:56:00Z,HFO,73
FA,Y,FA.Y,2021-03-12T15:29:00Z,2021-03-12T17:48:00Z,HFO,76
FA,Y,FA.Y,2021-03-12T21:22:00Z,2021-03-12T22:30:00Z,HFO,78
FF,W,FF.W,2021-03-13T02:08:00Z,2021-03-13T05:15:00Z,HFO,29
FA,Y,FA.Y,2021-03-14T23:05:00Z,2021-03-15T00:56:00Z,HFO,90
FA,Y,FA.Y,2021-03-15T23:27:00Z,2021-03-16T02:30:00Z,HFO,93
FF,W,FF.W,2021-03-15T23:50:00Z,2021-03-16T03:00:00Z,HFO,33
FF,W,FF.W,2021-03-16T00:28:00Z,2021-03-16T04:19:00Z,HFO,34
FA,Y,FA.Y,2021-03-16T16:19:00Z,2021-03-16T22:09:00Z,HFO,96
FA,Y,FA.Y,2021-04-12T00:48:00Z,2021-04-12T02:05:00Z,HFO,106
FA,Y,FA.Y,2021-04-29T01:19:00Z,2021-04-29T05:48:00Z,HFO,108
FA,Y,FA.Y,2021-05-07T07:56:00Z,2021-05-07T10:28:00Z,HFO,112
FA,Y,FA.Y,2021-08-17T22:36:00Z,2021-08-18T03:20:00Z,HFO,119
FA,Y,FA.Y,2021-08-24T00:10:00Z,2021-08-24T07:55:00Z,HFO,124
FA,Y,FA.Y,2021-09-15T22:16:00Z,2021-09-16T01:15:00Z,HFO,128
FA,Y,FA.Y,2021-09-16T01:14:00Z,2021-09-16T03:08:00Z,HFO,129
FA,Y,FA.Y,2021-12-01T00:07:00Z,2021-12-01T01:17:00Z,HFO,143
FA,Y,FA.Y,2021-12-05T19:40:00Z,2021-12-05T21:00:00Z,HFO,155
FA,Y,FA.Y,2021-12-06T17:40:00Z,2021-12-06T23:16:00Z,HFO,162
FF,W,FF.W,2021-12-06T23:16:00Z,2021-12-07T14:15:00Z,HFO,47
FA,Y,FA.Y,2021-12-17T17:03:00Z,2021-12-17T18:32:00Z,HFO,168
FA,Y,FA.Y,2021-12-18T00:32:00Z,2021-12-18T03:45:00Z,HFO,170
FA,Y,FA.Y,2021-12-18T01:55:00Z,2021-12-18T04:14:00Z,HFO,171
FA,Y,FA.Y,2021-12-31T05:34:00Z,2021-12-31T06:29:00Z,HFO,179
FF,W,FF.W,2021-12-31T06:29:00Z,2021-12-31T09:23:00Z,HFO,49
FA,Y,FA.Y,2022-01-01T03:12:00Z,2022-01-01T14:15:00Z,HFO,1
FF,W,FF.W,2022-01-01T12:34:00Z,2022-01-01T15:19:00Z,HFO,1
FA,Y,FA.Y,2022-01-01T18:16:00Z,2022-01-01T23:28:00Z,HFO,5
FF,W,FF.W,2022-01-01T23:16:00Z,2022-01-02T04:47:00Z,HFO,2
FA,Y,FA.Y,2022-01-02T21:51:00Z,2022-01-03T00:51:00Z,HFO,9
FA,Y,FA.Y,2022-01-03T20:19:00Z,2022-01-03T21:49:00Z,HFO,11
FA,Y,FA.Y,2022-01-04T20:12:00Z,2022-01-04T23:15:00Z,HFO,14
FA,Y,FA.Y,2022-01-06T02:12:00Z,2022-01-06T03:29:00Z,HFO,15
FA,Y,FA.Y,2022-01-15T03:49:00Z,2022-01-15T05:23:00Z,HFO,16
FA,Y,FA.Y,2022-03-10T00:32:00Z,2022-03-10T03:20:00Z,HFO,25
FA,Y,FA.Y,2022-03-22T01:01:00Z,2022-03-22T02:32:00Z,HFO,28
FA,Y,FA.Y,2022-04-17T02:52:00Z,2022-04-17T05:41:00Z,HFO,38
FA,Y,FA.Y,2022-08-06T15:07:00Z,2022-08-06T16:43:00Z,HFO,48
FA,Y,FA.Y,2022-08-07T00:22:00Z,2022-08-07T02:11:00Z,HFO,49
FA,Y,FA.Y,2022-08-17T05:57:00Z,2022-08-17T11:37:00Z,HFO,50
FA,Y,FA.Y,2022-08-24T04:10:00Z,2022-08-24T06:10:00Z,HFO,51
FA,Y,FA.Y,2022-09-10T22:04:00Z,2022-09-11T00:36:00Z,HFO,53
FA,Y,FA.Y,2022-09-11T02:54:00Z,2022-09-11T04:30:00Z,HFO,55
FA,Y,FA.Y,2022-09-11T22:38:00Z,2022-09-12T01:45:00Z,HFO,57
FA,Y,FA.Y,2022-09-12T00:27:00Z,2022-09-12T02:15:00Z,HFO,58
FA,Y,FA.Y,2022-09-17T00:18:00Z,2022-09-17T03:15:00Z,HFO,60
FA,Y,FA.Y,2022-09-17T01:26:00Z,2022-09-17T04:08:00Z,HFO,61
FA,Y,FA.Y,2022-09-23T03:28:00Z,2022-09-23T04:44:00Z,HFO,62
FA,Y,FA.Y,2022-10-11T23:33:00Z,2022-10-12T02:33:00Z,HFO,71
FA,Y,FA.Y,2022-10-13T02:37:00Z,2022-10-13T04:41:00Z,HFO,72
FA,Y,FA.Y,2022-11-04T17:21:00Z,2022-11-04T21:31:00Z,HFO,80
FA,Y,FA.Y,2022-11-19T04:37:00Z,2022-11-19T06:02:00Z,HFO,85
FA,Y,FA.Y,2022-12-16T08:37:00Z,2022-12-16T11:45:00Z,HFO,91
FA,Y,FA.Y,2022-12-18T16:25:00Z,2022-12-18T19:30:00Z,HFO,97
FA,Y,FA.Y,2022-12-19T17:45:00Z,2022-12-19T23:30:00Z,HFO,106
FA,Y,FA.Y,2023-01-20T02:01:00Z,2023-01-20T05:00:00Z,HFO,2
FA,Y,FA.Y,2023-01-30T01:07:00Z,2023-01-30T04:15:00Z,HFO,23
FA,Y,FA.Y,2023-01-30T03:22:00Z,2023-01-30T06:05:00Z,HFO,24
FA,Y,FA.Y,2023-01-31T01:47:00Z,2023-01-31T02:23:00Z,HFO,28
FA,Y,FA.Y,2023-02-04T17:44:00Z,2023-02-04T19:17:00Z,HFO,30
FA,Y,FA.Y,2023-02-04T18:48:00Z,2023-02-04T19:16:00Z,HFO,31
FF,W,FF.W,2023-02-04T19:16:00Z,2023-02-04T21:26:00Z,HFO,9
FA,Y,FA.Y,2023-02-04T21:26:00Z,2023-02-04T23:32:00Z,HFO,32
FA,Y,FA.Y,2023-02-17T14:56:00Z,2023-02-17T17:28:00Z,HFO,43
FA,Y,FA.Y,2023-02-20T22:27:00Z,2023-02-21T12:10:00Z,HFO,48
FA,Y,FA.Y,2023-03-23T09:51:00Z,2023-03-23T13:00:00Z,HFO,56
FA,Y,FA.Y,2023-03-23T10:44:00Z,2023-03-23T12:58:00Z,HFO,57
FA,Y,FA.Y,2023-03-28T00:49:00Z,2023-03-28T02:25:00Z,HFO,60
FA,Y,FA.Y,2023-04-02T23:20:00Z,2023-04-03T00:46:00Z,HFO,64
FA,Y,FA.Y,2023-04-03T06:40:00Z,2023-04-03T09:30:00Z,HFO,67
FF,W,FF.W,2023-04-03T07:44:00Z,2023-04-03T10:24:00Z,HFO,18
FA,Y,FA.Y,2023-04-04T18:29:00Z,2023-04-04T21:30:00Z,HFO,70
FA,Y,FA.Y,2023-04-04T21:22:00Z,2023-04-04T22:43:00Z,HFO,71
FA,Y,FA.Y,2023-04-19T11:28:00Z,2023-04-19T14:30:00Z,HFO,74
FF,W,FF.W,2023-04-19T12:58:00Z,2023-04-19T14:34:00Z,HFO,20
FA,Y,FA.Y,2023-04-21T06:05:00Z,2023-04-21T07:58:00Z,HFO,77
FA,Y,FA.Y,2023-04-21T11:39:00Z,2023-04-21T18:00:00Z,HFO,78
FA,Y,FA.Y,2023-04-29T13:34:00Z,2023-04-29T14:58:00Z,HFO,84
FF,W,FF.W,2023-04-29T14:58:00Z,2023-04-29T18:00:00Z,HFO,21
FA,Y,FA.Y,2023-05-03T01:32:00Z,2023-05-03T03:31:00Z,HFO,90
FA,Y,FA.Y,2023-05-11T19:22:00Z,2023-05-12T00:54:00Z,HFO,92
FA,Y,FA.Y,2023-05-29T00:32:00Z,2023-05-29T02:49:00Z,HFO,96
FA,Y,FA.Y,2023-07-19T14:34:00Z,2023-07-19T16:35:00Z,HFO,102
FA,Y,FA.Y,2023-10-03T03:04:00Z,2023-10-03T04:22:00Z,HFO,103
FA,Y,FA.Y,2023-10-03T09:11:00Z,2023-10-03T10:07:00Z,HFO,104
FF,W,FF.W,2023-10-03T10:07:00Z,2023-10-03T11:43:00Z,HFO,26
FA,Y,FA.Y,2023-11-20T14:06:00Z,2023-11-20T19:15:00Z,HFO,108
FA,Y,FA.Y,2023-11-22T07:53:00Z,2023-11-22T11:00:00Z,HFO,110
FA,Y,FA.Y,2023-11-22T10:48:00Z,2023-11-22T20:56:00Z,HFO,111
FA,Y,FA.Y,2023-11-25T13:40:00Z,2023-11-25T15:25:00Z,HFO,112
FA,Y,FA.Y,2023-11-28T19:41:00Z,2023-11-28T22:18:00Z,HFO,113
FA,Y,FA.Y,2023-11-29T19:30:00Z,2023-11-29T22:30:00Z,HFO,119
FA,Y,FA.Y,2023-11-30T20:25:00Z,2023-11-30T23:13:00Z,HFO,123
FA,Y,FA.Y,2023-12-20T18:56:00Z,2023-12-21T02:58:00Z,HFO,125
FF,W,FF.W,2023-12-21T02:58:00Z,2023-12-21T08:08:00Z,HFO,33
FA,Y,FA.Y,2024-01-08T14:23:00Z,2024-01-08T23:30:00Z,HFO,2
FF,W,FF.W,2024-01-08T22:44:00Z,2024-01-09T01:45:00Z,HFO,1
FF,W,FF.W,2024-01-09T00:23:00Z,2024-01-09T01:54:00Z,HFO,2
FA,Y,FA.Y,2024-01-09T06:57:00Z,2024-01-09T09:23:00Z,HFO,5
FA,Y,FA.Y,2024-03-07T05:01:00Z,2024-03-07T08:00:00Z,HFO,21
FA,Y,FA.Y,2024-03-07T06:39:00Z,2024-03-07T09:34:00Z,HFO,22
FA,Y,FA.Y,2024-03-13T00:31:00Z,2024-03-13T02:00:00Z,HFO,23
FA,Y,FA.Y,2024-03-13T20:05:00Z,2024-03-13T21:52:00Z,HFO,24
FA,Y,FA.Y,2024-04-12T16:46:00Z,2024-04-12T19:22:00Z,HFO,26
FA,Y,FA.Y,2024-04-15T02:14:00Z,2024-04-15T03:36:00Z,HFO,29
FA,Y,FA.Y,2024-05-10T01:48:00Z,2024-05-10T02:32:00Z,HFO,30
FA,Y,FA.Y,2024-05-10T12:12:00Z,2024-05-10T14:15:00Z,HFO,32
FA,Y,FA.Y,2024-05-10T22:38:00Z,2024-05-11T00:35:00Z,HFO,33
FA,Y,FA.Y,2024-05-11T01:21:00Z,2024-05-11T03:10:00Z,HFO,36
FA,Y,FA.Y,2024-05-11T11:08:00Z,2024-05-11T13:02:00Z,HFO,41
FA,Y,FA.Y,2024-05-12T00:44:00Z,2024-05-12T03:08:00Z,HFO,43
FF,W,FF.W,2024-05-12T02:07:00Z,2024-05-12T03:07:00Z,HFO,13
FA,Y,FA.Y,2024-05-12T03:21:00Z,2024-05-12T05:58:00Z,HFO,45
FA,Y,FA.Y,2024-05-12T18:59:00Z,2024-05-12T22:00:00Z,HFO,49
FF,W,FF.W,2024-05-12T19:24:00Z,2024-05-12T22:30:00Z,HFO,15
FA,Y,FA.Y,2024-05-12T22:58:00Z,2024-05-13T02:00:00Z,HFO,51
FA,Y,FA.Y,2024-05-13T01:51:00Z,2024-05-13T04:47:00Z,HFO,52
FA,Y,FA.Y,2024-05-13T07:37:00Z,2024-05-13T10:29:00Z,HFO,55
FA,Y,FA.Y,2024-05-13T14:35:00Z,2024-05-13T16:22:00Z,HFO,56
FF,W,FF.W,2024-05-13T16:22:00Z,2024-05-14T07:55:00Z,HFO,16
FA,Y,FA.Y,2024-05-13T21:07:00Z,2024-05-14T00:15:00Z,HFO,58
FA,Y,FA.Y,2024-05-13T23:01:00Z,2024-05-14T03:04:00Z,HFO,59
FA,Y,FA.Y,2024-05-14T15:07:00Z,2024-05-14T19:31:00Z,HFO,63
FA,Y,FA.Y,2024-05-14T23:20:00Z,2024-05-15T05:15:00Z,HFO,66
FA,Y,FA.Y,2024-05-16T05:36:00Z,2024-05-16T08:20:00Z,HFO,71
FA,Y,FA.Y,2024-05-16T12:35:00Z,2024-05-16T14:07:00Z,HFO,72
FA,Y,FA.Y,2024-05-16T17:33:00Z,2024-05-16T20:30:00Z,HFO,73
FA,Y,FA.Y,2024-05-16T18:39:00Z,2024-05-17T00:28:00Z,HFO,74
FA,Y,FA.Y,2024-05-17T03:07:00Z,2024-05-17T23:32:00Z,HFO,76
FA,Y,FA.Y,2024-05-18T22:05:00Z,2024-05-19T01:15:00Z,HFO,77
FF,W,FF.W,2024-05-19T00:41:00Z,2024-05-19T03:26:00Z,HFO,18
FA,Y,FA.Y,2024-09-16T11:39:00Z,2024-09-16T17:45:00Z,HFO,83
FA,Y,FA.Y,2024-10-18T09:15:00Z,2024-10-18T12:15:00Z,HFO,88
FA,Y,FA.Y,2024-10-26T13:54:00Z,2024-10-26T16:40:00Z,HFO,90
FF,W,FF.W,2024-10-26T16:40:00Z,2024-10-26T22:30:00Z,HFO,21
FF,W,FF.W,2024-10-26T20:16:00Z,2024-10-26T23:15:00Z,HFO,22
FA,Y,FA.Y,2024-10-26T23:12:00Z,2024-10-27T02:15:00Z,HFO,93
FA,Y,FA.Y,2024-11-05T15:10:00Z,2024-11-05T20:34:00Z,HFO,100
FA,Y,FA.Y,2025-01-27T00:39:00Z,2025-01-27T03:45:00Z,HFO,7
FA,Y,FA.Y,2025-01-27T02:53:00Z,2025-01-27T06:00:00Z,HFO,9
FF,W,FF.W,2025-01-27T04:45:00Z,2025-01-27T07:35:00Z,HFO,2
FA,Y,FA.Y,2025-01-30T20:22:00Z,2025-01-30T23:30:00Z,HFO,14
FF,W,FF.W,2025-01-30T21:03:00Z,2025-01-31T11:32:00Z,HFO,3
FA,Y,FA.Y,2025-03-16T06:55:00Z,2025-03-16T08:05:00Z,HFO,24
FA,Y,FA.Y,2025-03-17T05:09:00Z,2025-03-17T06:04:00Z,HFO,25
FF,W,FF.W,2025-03-17T06:04:00Z,2025-03-17T09:52:00Z,HFO,8
FA,Y,FA.Y,2025-03-18T00:43:00Z,2025-03-18T03:17:00Z,HFO,26
FA,Y,FA.Y,2025-04-17T04:00:00Z,2025-04-17T06:18:00Z,HFO,30
FA,Y,FA.Y,2025-04-17T12:57:00Z,2025-04-17T14:04:00Z,HFO,32
FA,Y,FA.Y,2025-04-17T15:35:00Z,2025-04-17T17:18:00Z,HFO,33
FA,Y,FA.Y,2025-04-17T19:17:00Z,2025-04-18T02:48:00Z,HFO,35
FA,Y,FA.Y,2025-04-18T06:36:00Z,2025-04-18T09:45:00Z,HFO,39
FA,Y,FA.Y,2025-04-18T21:59:00Z,2025-04-18T23:04:00Z,HFO,42
FF,W,FF.W,2025-04-18T23:04:00Z,2025-04-19T00:49:00Z,HFO,10
FA,Y,FA.Y,2025-04-18T23:15:00Z,2025-04-18T23:27:00Z,HFO,45
FF,W,FF.W,2025-04-18T23:27:00Z,2025-04-19T01:58:00Z,HFO,12
FA,Y,FA.Y,2025-04-19T00:01:00Z,2025-04-19T01:59:00Z,HFO,46
FA,Y,FA.Y,2025-04-27T00:24:00Z,2025-04-27T01:27:00Z,HFO,52
FA,Y,FA.Y,2025-04-27T22:01:00Z,2025-04-28T01:00:00Z,HFO,53
FA,Y,FA.Y,2025-04-27T23:06:00Z,2025-04-28T00:57:00Z,HFO,54
FA,Y,FA.Y,2025-04-29T00:00:00Z,2025-04-29T04:30:00Z,HFO,55
FA,Y,FA.Y,2025-04-29T22:38:00Z,2025-04-30T01:30:00Z,HFO,57
FA,Y,FA.Y,2025-04-29T23:45:00Z,2025-04-30T03:42:00Z,HFO,58
FA,Y,FA.Y,2025-05-18T03:10:00Z,2025-05-18T04:36:00Z,HFO,64
FA,Y,FA.Y,2025-10-11T02:47:00Z,2025-10-11T04:26:00Z,HFO,72
FA,Y,FA.Y,2025-12-14T19:51:00Z,2025-12-14T23:00:00Z,HFO,81
FA,Y,FA.Y,2025-12-14T22:54:00Z,2025-12-15T01:45:00Z,HFO,82
FA,Y,FA.Y,2025-12-18T08:05:00Z,2025-12-18T23:01:00Z,HFO,85
FA,Y,FA.Y,2025-12-19T21:28:00Z,2025-12-19T22:21:00Z,HFO,89
FA,Y,FA.Y,2026-01-04T21:13:00Z,2026-01-05T03:15:00Z,HFO,5
FA,Y,FA.Y,2026-01-15T11:09:00Z,2026-01-15T13:27:00Z,HFO,9
FA,Y,FA.Y,2026-02-21T03:10:00Z,2026-02-21T08:29:00Z,HFO,27
FA,Y,FA.Y,2026-02-21T11:09:00Z,2026-02-21T14:15:00Z,HFO,29
FF,W,FF.W,2026-02-21T13:35:00Z,2026-02-22T00:15:00Z,HFO,5
FA,Y,FA.Y,2026-02-22T01:59:00Z,2026-02-22T05:00:00Z,HFO,30
FA,Y,FA.Y,2026-03-11T11:55:00Z,2026-03-11T15:00:00Z,HFO,37
FA,Y,FA.Y,2026-03-11T12:34:00Z,2026-03-11T17:05:00Z,HFO,38
FA,Y,FA.Y,2026-03-12T15:39:00Z,2026-03-12T17:16:00Z,HFO,41
FF,W,FF.W,2026-03-12T17:16:00Z,2026-03-13T00:37:00Z,HFO,7
FA,Y,FA.Y,2026-03-13T12:04:00Z,2026-03-13T23:00:00Z,HFO,46
FF,W,FF.W,2026-03-13T22:22:00Z,2026-03-14T14:00:00Z,HFO,8
FA,Y,FA.Y,2026-03-14T16:12:00Z,2026-03-14T19:15:00Z,HFO,53
FA,Y,FA.Y,2026-03-14T21:58:00Z,2026-03-15T00:36:00Z,HFO,55
FA,Y,FA.Y,2026-03-20T04:05:00Z,2026-03-20T12:15:00Z,HFO,60
FF,W,FF.W,2026-03-20T08:57:00Z,2026-03-21T15:00:00Z,HFO,17
FA,Y,FA.Y,2026-03-20T18:00:00Z,2026-03-20T20:37:00Z,HFO,62
FF,W,FF.W,2026-03-20T18:22:00Z,2026-03-21T23:15:00Z,HFO,18
FF,W,FF.W,2026-03-20T20:37:00Z,2026-03-21T16:00:00Z,HFO,19
FF,W,FF.W,2026-03-21T14:55:00Z,2026-03-21T20:11:00Z,HFO,21
FA,Y,FA.Y,2026-03-22T03:23:00Z,2026-03-22T04:51:00Z,HFO,71
FA,Y,FA.Y,2026-03-22T15:46:00Z,2026-03-22T17:13:00Z,HFO,76
FA,Y,FA.Y,2026-03-23T21:12:00Z,2026-03-24T00:15:00Z,HFO,80
FA,Y,FA.Y,2026-03-23T22:23:00Z,2026-03-24T01:30:00Z,HFO,81
FF,W,FF.W,2026-03-23T23:25:00Z,2026-03-24T02:17:00Z,HFO,29
FA,Y,FA.Y,2026-04-08T00:55:00Z,2026-04-08T03:41:00Z,HFO,87
FA,Y,FA.Y,2026-04-10T18:32:00Z,2026-04-10T21:30:00Z,HFO,97
FF,W,FF.W,2026-04-10T21:04:00Z,2026-04-11T03:00:00Z,HFO,36
FF,W,FF.W,2026-04-11T02:46:00Z,2026-04-11T05:05:00Z,HFO,37
FA,Y,FA.Y,2026-04-13T03:35:00Z,2026-04-13T06:24:00Z,HFO,105
FA,Y,FA.Y,2026-04-15T00:50:00Z,2026-04-15T03:19:00Z,HFO,108
FA,Y,FA.Y,2026-04-22T03:42:00Z,2026-04-22T05:16:00Z,HFO,109
FA,Y,FA.Y,2026-05-05T22:58:00Z,2026-05-05T23:50:00Z,HFO,110
FA,Y,FA.Y,2026-05-15T20:28:00Z,2026-05-15T23:32:00Z,HFO,112
FF,W,FF.W,2026-05-15T23:32:00Z,2026-05-16T01:30:00Z,HFO,39
FF,W,FF.W,2026-05-16T01:30:00Z,2026-05-16T03:44:00Z,HFO,40
FA,Y,FA.Y,2026-05-16T03:44:00Z,2026-05-16T05:01:00Z,HFO,114
FA,Y,FA.Y,2026-05-16T23:59:00Z,2026-05-17T01:48:00Z,HFO,115
FA,Y,FA.Y,2026-05-17T05:55:00Z,2026-05-17T07:37:00Z,HFO,117
FA,Y,FA.Y,2026-05-17T23:59:00Z,2026-05-18T02:04:00Z,HFO,119
FA,Y,FA.Y,2026-05-31T15:37:00Z,2026-05-31T18:19:00Z,HFO,122
FA,Y,FA.Y,2026-06-19T04:41:00Z,2026-06-19T09:00:00Z,HFO,128
FA,Y,FA.Y,2026-06-26T21:29:00Z,2026-06-26T21:29:00Z,HFO,129
FA,Y,FA.Y,2026-08-16T13:52:00Z,2026-08-16T14:36:00Z,HFO,138
FF,W,FF.W,2026-08-16T14:36:00Z,2026-08-16T22:00:00Z,HFO,44
FF,W,FF.W,2026-08-17T00:52:00Z,2026-08-17T03:16:00Z,HFO,47
FA,Y,FA.Y,2026-08-17T05:15:00Z,2026-08-17T10:14:00Z,HFO,143
FA,Y,FA.Y,2026-08-21T23:55:00Z,2026-08-22T01:45:00Z,HFO,144
FA,Y,FA.Y,2026-09-06T23:55:00Z,2026-09-07T00:47:00Z,HFO,145
FF,W,FF.W,2026-09-07T00:47:00Z,2026-09-07T03:15:00Z,HFO,48
FA,Y,FA.Y,2026-09-08T11:36:00Z,2026-09-08T17:30:00Z,HFO,148
